{
  "color": {
    "codx": 0.0,
    "cody": 0.0,
    "cx": 1018.7472534179688,
    "cy": 786.1761474609375,
    "fx": 974.8994140625,
    "fy": 974.3369750976563,
    "height": 1536,
    "k1": 0.5081287026405334,
    "k2": -2.60143780708313,
    "k3": 1.4849175214767456,
    "k4": 0.38823026418685913,
    "k5": -2.4297707080841064,
    "k6": 1.4149818420410156,
    "metric_radius": 1.7000000476837158,
    "opencv": [
      974.8994140625,
      974.3369750976563,
      1018.7472534179688,
      786.1761474609375,
      0.5081287026405334,
      -2.60143780708313,
      0.0010489252163097262,
      -0.000412493827752769,
      1.4849175214767456,
      0.38823026418685913,
      -2.4297707080841064,
      1.4149818420410156
    ],
    "p1": 0.0010489252163097262,
    "p2": -0.000412493827752769,
    "width": 2048
  },
  "color_to_depth": {
    "rotation": [
      0.9999991655349731,
      0.001008949475362897,
      0.0008286900119856,
      -0.0009225673275068402,
      0.9951525926589966,
      -0.09833845496177673,
      -0.0009238915517926216,
      0.09833760559558868,
      0.9951527118682861
    ],
    "translation": [
      0.03213781863451004,
      0.0024020515847951174,
      -0.003983007278293371
    ]
  },
  "depth": {
    "codx": 0.0,
    "cody": 0.0,
    "cx": 320.6710205078125,
    "cy": 330.72265625,
    "fx": 504.0522155761719,
    "fy": 504.104248046875,
    "height": 576,
    "k1": 2.007019519805908,
    "k2": 1.305857539176941,
    "k3": 0.06967028230428696,
    "k4": 2.3414688110351563,
    "k5": 1.9348281621932983,
    "k6": 0.36404523253440857,
    "metric_radius": 1.739999771118164,
    "opencv": [
      504.0522155761719,
      504.104248046875,
      320.6710205078125,
      330.72265625,
      2.007019519805908,
      1.305857539176941,
      -5.6288805353688076e-05,
      -4.4743355829268694e-05,
      0.06967028230428696,
      2.3414688110351563,
      1.9348281621932983,
      0.36404523253440857
    ],
    "p1": -5.6288805353688076e-05,
    "p2": -4.4743355829268694e-05,
    "width": 640
  },
  "depth_to_color": {
    "rotation": [
      0.9999991655349731,
      -0.0009225673275068402,
      -0.0009238915517926216,
      0.001008949475362897,
      0.9951525926589966,
      0.09833760559558868,
      0.0008286900119856,
      -0.09833845496177673,
      0.9951527118682861
    ],
    "translation": [
      -0.03213925659656525,
      -0.0020311539992690086,
      0.004173281602561474
    ]
  },
  "serial": "000049101412"
}
