{
  "color": {
    "codx": 0.0,
    "cody": 0.0,
    "cx": 1017.9580078125,
    "cy": 787.3128662109375,
    "fx": 976.2120971679688,
    "fy": 976.0467529296875,
    "height": 1536,
    "k1": 0.5285511612892151,
    "k2": -2.5982117652893066,
    "k3": 1.4629453420639038,
    "k4": 0.4086046814918518,
    "k5": -2.4283204078674316,
    "k6": 1.394896388053894,
    "metric_radius": 1.7000000476837158,
    "opencv": [
      976.2120971679688,
      976.0467529296875,
      1017.9580078125,
      787.3128662109375,
      0.5285511612892151,
      -2.5982117652893066,
      0.0008455392089672387,
      -0.00040305714355781674,
      1.4629453420639038,
      0.4086046814918518,
      -2.4283204078674316,
      1.394896388053894
    ],
    "p1": 0.0008455392089672387,
    "p2": -0.00040305714355781674,
    "width": 2048
  },
  "color_to_depth": {
    "rotation": [
      0.9999719262123108,
      -0.0073964158073067665,
      0.001185280503705144,
      0.00747776310890913,
      0.9949837923049927,
      -0.0997563973069191,
      -0.0004414950672071427,
      0.099762462079525,
      0.9950112104415894
    ],
    "translation": [
      0.032121431082487106,
      0.002514464780688286,
      -0.003931885119527578
    ]
  },
  "depth": {
    "codx": 0.0,
    "cody": 0.0,
    "cx": 322.229736328125,
    "cy": 329.3377685546875,
    "fx": 502.9671325683594,
    "fy": 503.04168701171875,
    "height": 576,
    "k1": 4.46922492980957,
    "k2": 3.156219959259033,
    "k3": 0.16547241806983948,
    "k4": 4.792642116546631,
    "k5": 4.640148162841797,
    "k6": 0.8715406060218811,
    "metric_radius": 1.739999771118164,
    "opencv": [
      502.9671325683594,
      503.04168701171875,
      322.229736328125,
      329.3377685546875,
      4.46922492980957,
      3.156219959259033,
      6.561537702509668e-06,
      -6.698459765175357e-05,
      0.16547241806983948,
      4.792642116546631,
      4.640148162841797,
      0.8715406060218811
    ],
    "p1": 6.561537702509668e-06,
    "p2": -6.698459765175357e-05,
    "width": 640
  },
  "depth_to_color": {
    "rotation": [
      0.9999719262123108,
      0.00747776310890913,
      -0.0004414950672071427,
      -0.0073964158073067665,
      0.9949837923049927,
      0.099762462079525,
      0.001185280503705144,
      -0.0997563973069191,
      0.9950112104415894
    ],
    "translation": [
      -0.0321410708129406,
      -0.0018720137886703014,
      0.0041250307112932205
    ]
  },
  "serial": "000040301412"
}
