{
  "color": {
    "codx": 0.0,
    "cody": 0.0,
    "cx": 1018.9523315429688,
    "cy": 779.4866943359375,
    "fx": 979.784423828125,
    "fy": 979.8400268554688,
    "height": 1536,
    "k1": 0.13652226328849792,
    "k2": -2.3620290756225586,
    "k3": 1.5045571327209473,
    "k4": 0.018772443756461143,
    "k5": -2.171825885772705,
    "k6": 1.419291377067566,
    "metric_radius": 1.7000000476837158,
    "opencv": [
      979.784423828125,
      979.8400268554688,
      1018.9523315429688,
      779.4866943359375,
      0.13652226328849792,
      -2.3620290756225586,
      0.00036366161657497287,
      -7.667662430321798e-05,
      1.5045571327209473,
      0.018772443756461143,
      -2.171825885772705,
      1.419291377067566
    ],
    "p1": 0.00036366161657497287,
    "p2": -7.667662430321798e-05,
    "width": 2048
  },
  "color_to_depth": {
    "rotation": [
      0.9999982118606567,
      -0.0015653169248253107,
      0.0010751200607046485,
      0.001666578813455999,
      0.9948095679283142,
      -0.10174085199832916,
      -0.0009102830081246793,
      0.1017424613237381,
      0.9948103427886963
    ],
    "translation": [
      0.032061729580163956,
      0.0023178071714937687,
      -0.0037812325172126293
    ]
  },
  "depth": {
    "codx": 0.0,
    "cody": 0.0,
    "cx": 318.0086975097656,
    "cy": 326.55987548828125,
    "fx": 504.3494567871094,
    "fy": 504.52459716796875,
    "height": 576,
    "k1": 1.3311518430709839,
    "k2": 0.7708168029785156,
    "k3": 0.04184059798717499,
    "k4": 1.6677722930908203,
    "k5": 1.162659764289856,
    "k6": 0.21617849171161652,
    "metric_radius": 1.739999771118164,
    "opencv": [
      504.3494567871094,
      504.52459716796875,
      318.0086975097656,
      326.55987548828125,
      1.3311518430709839,
      0.7708168029785156,
      5.2532695917761885e-06,
      4.9447178753325716e-05,
      0.04184059798717499,
      1.6677722930908203,
      1.162659764289856,
      0.21617849171161652
    ],
    "p1": 5.2532695917761885e-06,
    "p2": 4.9447178753325716e-05,
    "width": 640
  },
  "depth_to_color": {
    "rotation": [
      0.9999982118606567,
      0.001666578813455999,
      -0.0009102830081246793,
      -0.0015653169248253107,
      0.9948095679283142,
      0.1017424613237381,
      0.0010751200607046485,
      -0.10174085199832916,
      0.9948103427886963
    ],
    "translation": [
      -0.03206897899508476,
      -0.0018708781572058797,
      0.003962954971939325
    ]
  },
  "serial": "000226401412"
}
