{
  "color": {
    "codx": 0.0,
    "cody": 0.0,
    "cx": 1022.0565795898438,
    "cy": 770.3968505859375,
    "fx": 972.8734130859375,
    "fy": 972.790283203125,
    "height": 1536,
    "k1": 0.31247395277023315,
    "k2": -2.4024288654327393,
    "k3": 1.43412184715271,
    "k4": 0.19683820009231567,
    "k5": -2.2302379608154297,
    "k6": 1.3616547584533691,
    "metric_radius": 1.7000000476837158,
    "opencv": [
      972.8734130859375,
      972.790283203125,
      1022.0565795898438,
      770.3968505859375,
      0.31247395277023315,
      -2.4024288654327393,
      0.0005108616896905005,
      -0.0002883302222471684,
      1.43412184715271,
      0.19683820009231567,
      -2.2302379608154297,
      1.3616547584533691
    ],
    "p1": 0.0005108616896905005,
    "p2": -0.0002883302222471684,
    "width": 2048
  },
  "color_to_depth": {
    "rotation": [
      0.9999995231628418,
      -0.0003059224400203675,
      -0.0009542887564748526,
      0.00022255412477534264,
      0.9962804913520813,
      -0.08616945892572403,
      0.0009771004552021623,
      0.08616920560598373,
      0.9962800145149231
    ],
    "translation": [
      0.032021936029195786,
      0.0025266336742788553,
      -0.003851310582831502
    ]
  },
  "depth": {
    "codx": 0.0,
    "cody": 0.0,
    "cx": 323.54351806640625,
    "cy": 333.311767578125,
    "fx": 504.228759765625,
    "fy": 504.2961730957031,
    "height": 576,
    "k1": 0.599975049495697,
    "k2": 0.014981739223003387,
    "k3": -0.0008464030688628554,
    "k4": 0.9428226947784424,
    "k5": 0.1399039477109909,
    "k6": -0.004173594992607832,
    "metric_radius": 1.739999771118164,
    "opencv": [
      504.228759765625,
      504.2961730957031,
      323.54351806640625,
      333.311767578125,
      0.599975049495697,
      0.014981739223003387,
      6.086946996219922e-06,
      -1.2708273061434738e-05,
      -0.0008464030688628554,
      0.9428226947784424,
      0.1399039477109909,
      -0.004173594992607832
    ],
    "p1": 6.086946996219922e-06,
    "p2": -1.2708273061434738e-05,
    "width": 640
  },
  "depth_to_color": {
    "rotation": [
      0.9999995231628418,
      0.00022255412477534264,
      0.0009771004552021623,
      -0.0003059224400203675,
      0.9962804913520813,
      0.08616920560598373,
      -0.0009542887564748526,
      -0.08616945892572403,
      0.9962800145149231
    ],
    "translation": [
      -0.032018713653087616,
      -0.002175575355067849,
      0.004085260909050703
    ]
  },
  "serial": "000056301412"
}
